config_name,run_id,ROUGE-L,Valid ROUGE-L ⭐,Pass@1,Exact Match,Non-copy,Validity,BLEU (sent),BLEU (corpus),chrF2 (sent),chrF2 (corpus),Gloss F1 (sent),Gloss F1 (micro),Bigram LP,Δ ROUGE-L,Δ Valid ROUGE-L,Δ Pass@1,Δ Exact Match,Δ Validity,Δ BLEU (sent),Δ BLEU (corpus),Δ chrF2 (sent),Δ chrF2 (corpus),Δ Gloss F1 (sent),Δ Gloss F1 (micro)
qwen25-05b/baseline/few-shot,run_20260912_171054,0.466445,0.458096,0.733000,0.014800,0.355508,0.982100,0.188228,0.187989,44.681735,41.889476,0.443889,0.402624,-114.852801,,,,,,,,,,,
qwen25-05b/baseline/zero-shot,run_20260912_144136,0.137308,0.124333,0.182000,0.001700,0.045091,0.905500,0.030392,0.026998,13.164043,13.206862,0.141624,0.118615,-137.068549,,,,,,,,,,,
qwen25-05b/baseline/zero-shot-no-grammar,run_20260912_165549,0.364763,0.013496,0.584500,0.000700,0.000706,0.037000,0.006761,0.000823,1.357436,1.181417,0.235575,0.227949,-106.957551,,,,,,,,,,,
qwen25-05b/sft/zero-shot,run_20260914_220146,0.968116,0.968116,0.997500,0.766200,0.950952,1.000000,0.927991,0.931637,96.446320,96.362031,0.969794,0.969828,-84.791743,0.830808,0.843783,0.815500,0.764500,0.094500,0.897600,0.904639,83.282277,83.155169,0.828170,0.851214
qwen25-05b/sft/zero-shot/decoding-greedy,run_20260914_220146,0.969608,0.969608,0.998000,0.777500,0.954652,1.000000,0.931878,0.936189,96.628535,96.605337,0.971545,0.972057,-84.729159,0.824989,0.839379,0.810000,0.775000,0.099500,0.896736,0.910775,83.364176,83.682707,0.822196,0.861268
qwen25-05b/sft-grpo/few-shot,run_20260912_190132,0.962841,0.962841,0.998000,0.729600,0.947080,1.000000,0.915016,0.922008,95.951709,96.017115,0.963729,0.964788,-85.049316,0.496396,0.504745,0.265000,0.714800,0.017900,0.726788,0.734019,51.269974,54.127639,0.519840,0.562164
qwen25-05b/sft-grpo/zero-shot,run_20260913_065606,0.974435,0.974435,0.998000,0.809500,0.965005,1.000000,0.940759,0.944272,97.238278,97.265538,0.975279,0.975739,-84.602676,0.837126,0.850102,0.816000,0.807800,0.094500,0.910368,0.917274,84.074236,84.058676,0.833655,0.857124
qwen25-05b/grpo/few-shot,run_20260914_070600,0.608231,0.605433,0.931500,0.054400,0.469155,0.995400,0.323468,0.341926,57.890831,55.678201,0.644393,0.621959,-88.521101,0.141786,0.147338,0.198500,0.039600,0.013300,0.135240,0.153937,13.209095,13.788725,0.200503,0.219335
qwen25-05b/grpo/zero-shot,run_20260913_165601,0.517338,0.514958,0.860500,0.007800,0.192749,0.995400,0.206021,0.232159,47.376687,47.054692,0.562850,0.559264,-98.470270,0.380029,0.390625,0.678500,0.006100,0.089900,0.175630,0.205160,34.212644,33.847830,0.421226,0.440649
qwen25-05b/ablations/decoding/hot-rollout,run_20260915_083119,0.963419,0.963323,0.996500,0.741900,0.949989,0.999900,0.917317,0.918524,96.133738,96.120532,0.963873,0.964095,-85.517517,0.496974,0.505227,0.263500,0.727100,0.017800,0.729089,0.730534,51.452003,54.231056,0.519984,0.561471
qwen25-05b/ablations/decoding/no-grammar,run_20260915_052556,0.758989,0.751324,0.990500,0.060400,0.473005,0.989900,0.430355,0.443503,70.973779,69.508724,0.732123,0.717508,-95.119766,0.217205,0.339351,0.137500,0.046500,0.229500,0.256606,0.260023,21.841505,22.285876,0.294123,0.294878
qwen25-05b/ablations/glossary/few-shot,run_20260917_212556,0.609371,0.608152,0.930500,0.054400,0.463615,0.998000,0.324464,0.341859,57.718113,55.555108,0.643707,0.626139,-86.137420,0.142926,0.150056,0.197500,0.039600,0.015900,0.136236,0.153870,13.036378,13.665632,0.199818,0.223515
qwen25-05b/ablations/glossary/zero-shot,run_20260917_105109,0.515944,0.513313,0.855000,0.009800,0.185775,0.994900,0.206530,0.231656,47.493677,47.141459,0.566593,0.560490,-98.105133,0.378636,0.388980,0.673000,0.008100,0.089400,0.176139,0.204658,34.329635,33.934597,0.424969,0.441875
qwen25-05b/ablations/loss/dr-grpo,run_20260916_183557,0.537325,0.534638,0.838500,0.036000,0.404257,0.995000,0.253406,0.267233,51.068100,48.588295,0.550052,0.524562,-92.666448,0.070880,0.076543,0.105500,0.021200,0.012900,0.065177,0.079243,6.386365,6.698819,0.106163,0.121938
qwen25-05b/ablations/loss/low-beta,run_20260917_053119,0.964447,0.964447,0.997500,0.741400,0.949925,1.000000,0.918841,0.924445,96.090371,96.136366,0.965253,0.966136,-84.999672,0.498002,0.506351,0.264500,0.726600,0.017900,0.730613,0.736456,51.408635,54.246890,0.521364,0.563512
qwen25-05b/ablations/objectives/sft-allowed-mass,run_20260920_205638,0.976898,0.976898,0.998500,0.834100,0.968492,1.000000,0.949140,0.951841,97.546201,97.548962,0.977984,0.978330,-84.573084,0.839589,0.852565,0.816500,0.832400,0.094500,0.918749,0.924842,84.382158,84.342100,0.836360,0.859715
qwen25-05b/ablations/objectives/sft-allowed-mass/decoding-greedy,run_20260920_205638,0.977447,0.977447,0.997500,0.842000,0.969947,1.000000,0.950488,0.953262,97.619543,97.632096,0.978572,0.979131,-84.510783,0.832828,0.847218,0.809500,0.839500,0.099500,0.915346,0.927847,84.355184,84.709466,0.829224,0.868342
qwen25-05b/ablations/objectives/sft-structured,run_20260923_101821,0.943014,0.943014,0.998500,0.605300,0.906738,1.000000,0.875033,0.880291,93.470982,93.164640,0.946875,0.946589,-85.460254,0.805705,0.818681,0.816500,0.603600,0.094500,0.844642,0.853292,80.306939,79.957778,0.805251,0.827974
qwen25-05b/ablations/objectives/sft-structured-shuffled,run_20260925_192053,0.946427,0.946427,0.997500,0.607800,0.908920,1.000000,0.882186,0.886343,93.895015,93.672810,0.947725,0.947427,-85.944700,0.809118,0.822094,0.815500,0.606100,0.094500,0.851794,0.859345,80.730972,80.465948,0.806101,0.828812
qwen25-05b/ablations/rewards/edit-validity,run_20260915_160558,0.637291,0.634997,0.942500,0.060800,0.445989,0.996400,0.352107,0.368401,60.596466,58.356269,0.662547,0.643170,-95.061172,0.170846,0.176901,0.209500,0.046000,0.014300,0.163879,0.180412,15.914730,16.466794,0.218658,0.240546
qwen25-05b/ablations/rewards/lean-stack,run_20260916_132557,0.963433,0.963433,0.998500,0.734600,0.948834,1.000000,0.916329,0.922793,96.013403,96.050577,0.964335,0.965298,-84.953949,0.496988,0.505338,0.265500,0.719800,0.017900,0.728101,0.734804,51.331668,54.161102,0.520446,0.562674